kitsande|nakita.strangeways@gmail.com|sycamore|Nakita|Strangeways
gogogoose|gus.gutierrez@gmail.com|koopa|Gus|Gutierrez
snake_mommy|kayli.dreger@gmail.com|momo|Kayli|Dreger
dardardynamo|darcy.dreger@gmail.com|merlin|Darcy|Dreger
bkSelby|brian.selby@gmail.com|harley|Brian|Selby
mogget|mauri.adkins@gmail.com|kansas|Mauri|Adkins
doggo|doggo@woofer.com|woof|Dog|Wooferson
wild_gato|gatocat@meow.com|meow|Cat|Meowstien